<?xml version="1.0" encoding="utf-8"?>
<ApplicationInstallerManifest>
   <DefaultInstallationDirectory>/Applications/Xinxiang_Medical_University/SimpleDSFviewer/</DefaultInstallationDirectory>
   <ApplicationName>SimpleDSFviewer</ApplicationName>
   <ExecutableName>application/SimpleDSFviewer.exe</ExecutableName>
   <GUID>d0a6bfcd-9c22-46ad-b7da-ff7c62fdb762</GUID>
   <ApplicationIcon>default_icon_48.png</ApplicationIcon>
   <Logo>default_logo.png</Logo>
   <Version>1.0</Version>
   <AuthorOrganization>Xinxiang Medical University</AuthorOrganization>
   <WelcomePanelText>SimpleDSFviewer 1.0
Changye Sun
hscsun@outlook.com</WelcomePanelText>
   <MCRProducts>
      <MCRProduct>
         <ExternalProductIdentifier>35000</ExternalProductIdentifier>
      </MCRProduct>
      <MCRProduct>
         <ExternalProductIdentifier>35010</ExternalProductIdentifier>
      </MCRProduct>
   </MCRProducts>
</ApplicationInstallerManifest>