<?xml version="1.0" encoding="utf-8"?>
<ApplicationInstallerManifest>
   <DefaultInstallationDirectory>/Applications/SimpleDSFviewer/</DefaultInstallationDirectory>
   <ApplicationName>SimpleDSFviewer</ApplicationName>
   <ExecutableName>application/SimpleDSFviewer.exe</ExecutableName>
   <GUID>a16719f2-d9e5-4a12-b22e-bcccdedfd2e8</GUID>
   <ApplicationIcon>default_icon_48.png</ApplicationIcon>
   <Logo>default_logo.png</Logo>
   <Version>3.0</Version>
   <WelcomePanelText>SimpleDSFviewer 3.0
ChangyeSun</WelcomePanelText>
   <MCRProducts>
      <MCRProduct>
         <ExternalProductIdentifier>35000</ExternalProductIdentifier>
      </MCRProduct>
      <MCRProduct>
         <ExternalProductIdentifier>35010</ExternalProductIdentifier>
      </MCRProduct>
   </MCRProducts>
</ApplicationInstallerManifest>